<?xml version="1.0" encoding="UTF-8"?>
<Package xmlns="http://soap.sforce.com/2006/04/metadata">
    <types>
        <members>SummitSchema</members>
        <members>SummitConfig</members>
        <members>SummitSelectors</members>
        <members>SummitLifecycleService</members>
        <members>SummitRegistrationService</members>
        <members>SummitReminderService</members>
        <members>SummitOpsScheduler</members>
        <members>SummitEventInstanceHandler</members>
        <members>SummitRegistrationHandler</members>
        <members>SummitTestFactory</members>
        <members>SummitLifecycleServiceTest</members>
        <name>ApexClass</name>
    </types>
    <types>
        <members>SummitEventInstanceTrigger</members>
        <members>SummitRegistrationTrigger</members>
        <name>ApexTrigger</name>
    </types>
    <version>60.0</version>
</Package>
