<?xml version="1.0" encoding="UTF-8"?>
<Package xmlns="http://soap.sforce.com/2006/04/metadata">
  <types>
    <members>DIG_TA_Action</members>
    <members>DIG_TA_Context</members>
    <members>DIG_TA_Bypass</members>
    <members>DIG_TA_Registry</members>
    <members>DIG_TA_Dispatcher</members>
    <members>DigCaseAction_ClassifyAndRoute</members>
    <members>DigCaseAction_AutoAcknowledge</members>
    <members>DigSlaScheduler</members>
    <members>DigCommsTests</members>
    <name>ApexClass</name>
  </types>
  <types>
    <members>DigCaseTrigger</members>
    <name>ApexTrigger</name>
  </types>
  <types>
    <members>Case.DIG_Topic__c</members>
    <members>Case.DIG_Urgency__c</members>
    <members>Case.DIG_SLA_FirstResponseBy__c</members>
    <members>Case.DIG_SLA_Status__c</members>
    <members>Case.DIG_SourceEmail__c</members>
    <members>Case.DIG_AutoAck_Sent__c</members>
    <members>Case.DIG_AI_Draft_Status__c</members>
    <members>Case.DIG_Sensitive__c</members>
    <name>CustomField</name>
  </types>
  <version>60.0</version>
</Package>
