<?xml version="1.0" encoding="UTF-8"?>
<CustomMetadata xmlns="http://soap.sforce.com/2006/04/metadata">
  <label>INDIVIDUAL</label>
  <protected>false</protected>
  <values><field>LevelKey__c</field><value><string>INDIVIDUAL</string></value></values>
  <values><field>DurationMonths__c</field><value><number>12</number></value></values>
  <values><field>GraceDays__c</field><value><number>30</number></value></values>
  <values><field>IsPaidRequired__c</field><value><boolean>true</boolean></value></values>
</CustomMetadata>
