<?xml version="1.0" encoding="UTF-8"?>
<CustomMetadata xmlns="http://soap.sforce.com/2006/04/metadata">
  <label>Default</label>
  <protected>false</protected>
  <values><field>DefaultMajorityRuleKey__c</field><value><string>SIMPLE</string></value></values>
  <values><field>AbstainCountsInDenominator__c</field><value><boolean>false</boolean></value></values>
  <values><field>DefaultAllowVoteChangeUntilClose__c</field><value><boolean>false</boolean></value></values>
  <values><field>TieBreakMode__c</field><value><string>Fail</string></value></values>
</CustomMetadata>
