<?xml version="1.0" encoding="UTF-8"?>
<CustomMetadata xmlns="http://soap.sforce.com/2006/04/metadata">
  <label>Default Membership Route</label>
  <protected>false</protected>
  <values><field>IsActive__c</field><value><boolean>true</boolean></value></values>
  <values><field>MatchPriority__c</field><value><number>10</number></value></values>
  <values><field>CategoryValue__c</field><value><string>Membership</string></value></values>
  <values><field>SetStatusValue__c</field><value><string>New</string></value></values>
  <values><field>Reason__c</field><value><string>Membership cases route to membership queue</string></value></values>
</CustomMetadata>
