<?xml version="1.0" encoding="UTF-8"?>
<CustomMetadata xmlns="http://soap.sforce.com/2006/04/metadata">
  <label>NOTICE_30</label>
  <protected>false</protected>
  <values><field>WindowDaysBeforeEnd__c</field><value><number>30</number></value></values>
  <values><field>CreateTask__c</field><value><boolean>true</boolean></value></values>
  <values><field>TaskSubject__c</field><value><string>Membership renewal due in {{days}} days</string></value></values>
  <values><field>DedupeKey__c</field><value><string>NOTICE_30</string></value></values>
</CustomMetadata>
