<?xml version="1.0" encoding="UTF-8"?>
<CustomField xmlns="http://soap.sforce.com/2006/04/metadata">
    <fullName>Language__c</fullName>
    <label>Language</label>
    <type>Picklist</type>
    <valueSet>
        <valueSetDefinition>
            <sorted>false</sorted>
            <value>
                <fullName>en</fullName>
                <default>true</default>
                <label>English</label>
            </value>
            <value>
                <fullName>es</fullName>
                <default>false</default>
                <label>Spanish</label>
            </value>
            <value>
                <fullName>asl</fullName>
                <default>false</default>
                <label>ASL (Preference)</label>
            </value>
        </valueSetDefinition>
    </valueSet>
</CustomField>
