<?xml version="1.0" encoding="UTF-8"?>
<CustomField xmlns="http://soap.sforce.com/2006/04/metadata">
    <fullName>Preferred_Channel__c</fullName>
    <label>Preferred Channel</label>
    <type>Picklist</type>
    <valueSet>
        <valueSetDefinition>
            <sorted>false</sorted>
            <value>
                <fullName>Email</fullName>
                <default>true</default>
                <label>Email</label>
            </value>
            <value>
                <fullName>SMS</fullName>
                <default>false</default>
                <label>SMS</label>
            </value>
            <value>
                <fullName>Phone</fullName>
                <default>false</default>
                <label>Phone</label>
            </value>
        </valueSetDefinition>
    </valueSet>
</CustomField>
