<?xml version="1.0" encoding="UTF-8"?>
<CustomField xmlns="http://soap.sforce.com/2006/04/metadata">
  <fullName>DIG_AI_Draft_Status__c</fullName>
  <label>DIG AI Draft Status</label>
  <type>Picklist</type>
  <valueSet>
    <valueSetDefinition>
      <sorted>false</sorted>
      <value><fullName>None</fullName><default>true</default><label>None</label></value>
      <value><fullName>Requested</fullName><default>false</default><label>Requested</label></value>
      <value><fullName>Drafted</fullName><default>false</default><label>Drafted</label></value>
      <value><fullName>Sent</fullName><default>false</default><label>Sent</label></value>
      <value><fullName>Suppressed</fullName><default>false</default><label>Suppressed</label></value>
    </valueSetDefinition>
  </valueSet>
</CustomField>
