<?xml version="1.0" encoding="UTF-8"?>
<CustomField xmlns="http://soap.sforce.com/2006/04/metadata">
  <fullName>DIG_SLA_Status__c</fullName>
  <label>DIG SLA Status</label>
  <type>Picklist</type>
  <valueSet>
    <valueSetDefinition>
      <sorted>false</sorted>
      <value><fullName>OnTrack</fullName><default>true</default><label>On Track</label></value>
      <value><fullName>AtRisk</fullName><default>false</default><label>At Risk</label></value>
      <value><fullName>Breached</fullName><default>false</default><label>Breached</label></value>
    </valueSetDefinition>
  </valueSet>
</CustomField>
