<?xml version="1.0" encoding="UTF-8"?>
<CustomField xmlns="http://soap.sforce.com/2006/04/metadata">
  <fullName>DIG_Urgency__c</fullName>
  <label>DIG Urgency</label>
  <type>Picklist</type>
  <valueSet>
    <valueSetDefinition>
      <sorted>false</sorted>
      <value><fullName>Low</fullName><default>false</default><label>Low</label></value>
      <value><fullName>Normal</fullName><default>true</default><label>Normal</label></value>
      <value><fullName>High</fullName><default>false</default><label>High</label></value>
    </valueSetDefinition>
  </valueSet>
</CustomField>
