<?xml version="1.0" encoding="UTF-8"?>
<CustomField xmlns="http://soap.sforce.com/2006/04/metadata">
    <fullName>Direction__c</fullName>
    <label>Direction</label>
    <type>Picklist</type>
    <valueSet>
        <valueSetDefinition>
            <sorted>false</sorted>
            <value>
                <fullName>Outbound</fullName>
                <default>true</default>
                <label>Outbound</label>
            </value>
            <value>
                <fullName>Inbound</fullName>
                <default>false</default>
                <label>Inbound</label>
            </value>
        </valueSetDefinition>
    </valueSet>
</CustomField>
