<?xml version="1.0" encoding="UTF-8"?>
<CustomField xmlns="http://soap.sforce.com/2006/04/metadata">
    <fullName>Status__c</fullName>
    <label>Status</label>
    <type>Picklist</type>
    <valueSet>
        <valueSetDefinition>
            <sorted>false</sorted>
            <value>
                <fullName>Queued</fullName>
                <default>true</default>
                <label>Queued</label>
            </value>
            <value>
                <fullName>Sent</fullName>
                <default>false</default>
                <label>Sent</label>
            </value>
            <value>
                <fullName>Failed</fullName>
                <default>false</default>
                <label>Failed</label>
            </value>
            <value>
                <fullName>Blocked</fullName>
                <default>false</default>
                <label>Blocked</label>
            </value>
            <value>
                <fullName>Delivered</fullName>
                <default>false</default>
                <label>Delivered</label>
            </value>
            <value>
                <fullName>Received</fullName>
                <default>false</default>
                <label>Received</label>
            </value>
        </valueSetDefinition>
    </valueSet>
</CustomField>
