<?xml version="1.0" encoding="UTF-8"?>
<Package xmlns="http://soap.sforce.com/2006/04/metadata">
  <types>
    <members>*</members>
    <name>ApexClass</name>
  </types>
  <types>
    <members>*</members>
    <name>ApexTrigger</name>
  </types>
  <types>
    <members>DIG_Emission__c</members>
    <name>CustomObject</name>
  </types>
  <types>
    <members>DIG_CaseRoutingRule__mdt</members>
    <members>DIG_MembershipLevel__mdt</members>
    <members>DIG_MembershipNoticeWindow__mdt</members>
    <members>DIG_GovPolicy__mdt</members>
    <members>DIG_GovMajorityRule__mdt</members>
    <members>DIG_GovNoticeWindow__mdt</members>
    <name>CustomObject</name>
  </types>
  <types>
    <members>*</members>
    <name>CustomMetadata</name>
  </types>
  <version>60.0</version>
</Package>
