<?xml version="1.0" encoding="UTF-8"?>
<Package xmlns="http://soap.sforce.com/2006/04/metadata">
  <types>
    <members>DIG_Control_Room/DIG_Control_Room</members>
    <name>Dashboard</name>
  </types>
  <types>
    <members>DIG_Control_Room/ControlRoom_Open_Cases_By_Status</members>
    <members>DIG_Control_Room/ControlRoom_Open_Cases_Oldest_10</members>
    <members>DIG_Control_Room/ControlRoom_AtRisk_Cases</members>
    <members>DIG_Control_Room/ControlRoom_Upcoming_Summit_14d</members>
    <members>DIG_Control_Room/ControlRoom_Summit_Accessibility_AtRisk</members>
    <members>DIG_Control_Room/ControlRoom_Motions_Pending</members>
    <members>DIG_Control_Room/ControlRoom_Change_Log_Recent</members>
    <name>Report</name>
  </types>
  <version>60.0</version>
</Package>
