<?xml version="1.0" encoding="UTF-8"?>
<Package xmlns="http://soap.sforce.com/2006/04/metadata">
  <types>
    <members>DigGovernanceSchema</members>
    <members>DigMotionResultService</members>
    <members>DigMotionCloseScheduler</members>
    <members>DigGovernanceResultTests</members>
    <name>ApexClass</name>
  </types>
  <types>
    <members>DigMotionTrigger</members>
    <members>DigVoteTrigger</members>
    <members>DigMotionResultTrigger</members>
    <name>ApexTrigger</name>
  </types>
  <types>
    <members>Motion_Result__c</members>
    <name>CustomObject</name>
  </types>
  <types>
    <members>Motion_Result__c.Motion__c</members>
    <members>Motion_Result__c.Certified_At__c</members>
    <members>Motion_Result__c.Yes_Count__c</members>
    <members>Motion_Result__c.No_Count__c</members>
    <members>Motion_Result__c.Abstain_Count__c</members>
    <members>Motion_Result__c.Total_Cast__c</members>
    <members>Motion_Result__c.Eligible_Voters__c</members>
    <members>Motion_Result__c.Quorum_Required__c</members>
    <members>Motion_Result__c.Quorum_Met__c</members>
    <members>Motion_Result__c.Majority_Required__c</members>
    <members>Motion_Result__c.Passed__c</members>
    <members>Motion_Result__c.Decision__c</members>
    <members>Motion_Result__c.Canonical_Payload__c</members>
    <members>Motion_Result__c.Result_Digest__c</members>
    <name>CustomField</name>
  </types>
  <version>60.0</version>
</Package>
