<?xml version="1.0" encoding="UTF-8"?>
<Package xmlns="http://soap.sforce.com/2006/04/metadata">
  <types>
    <members>TA_Action</members>
    <members>TA_Context</members>
    <members>TA_Dispatcher</members>
    <members>TA_Registry</members>
    <members>TA_Bypass</members>
    <members>SummitSchema</members>
    <members>SummitSelectors</members>
    <members>SummitLifecycleAction_NormalizeStatus</members>
    <members>SummitRegistrationAction_Capacity</members>
    <members>Summit_ActionTests</members>
    <name>ApexClass</name>
  </types>
  <types>
    <members>SummitEventInstanceTrigger</members>
    <members>SummitRegistrationTrigger</members>
    <name>ApexTrigger</name>
  </types>
  <version>60.0</version>
</Package>
